run_mode,suite_name,environment_name,environment_tier,sample_size,state_dimension,coverage_setting,policy_shift_setting,reward_noise_setting,misspecification_setting,baseline_learner,learner_variant,learner_quality_regime,calibration_difficulty,main_figure_role,calibrated,calibration_protocol,calibrator,calibration_target,split_fraction,train_fraction,coverage_stratum,n_replications,mean_coverage_stratum_error,coverage_stratum_error_mc_se,mean_coverage_stratum_calibration_error,coverage_stratum_calibration_error_mc_se,mean_coverage_stratum_count,mean_coverage_stratum_ratio,failure_rate,eligible_fraction
final,mechanism_distortion_sweep,nonlinear_discrete_action,mechanism_diagnostic,400,6,moderate,0.55,0.0,well_specified_linear,random_feature_fqe,random_feature_fqe_affine_distorted,misspecified,affine_miscalibrated,mechanism,False,uncalibrated_all_data,none,value_bellman,1.0,1.0,0,100,0.14511879247231466,0.007464811383646871,0.14511879247231466,0.007464811383646871,100.0,0.5216520901116108,0.0,1.0
final,mechanism_distortion_sweep,nonlinear_discrete_action,mechanism_diagnostic,400,6,moderate,0.55,0.0,well_specified_linear,random_feature_fqe,random_feature_fqe_affine_distorted,misspecified,affine_miscalibrated,mechanism,False,uncalibrated_all_data,none,value_bellman,1.0,1.0,1,100,0.11585422967668584,0.004961825241080356,0.11585422967668584,0.004961825241080356,100.0,0.8306433073167038,0.0,1.0
final,mechanism_distortion_sweep,nonlinear_discrete_action,mechanism_diagnostic,400,6,moderate,0.55,0.0,well_specified_linear,random_feature_fqe,random_feature_fqe_affine_distorted,misspecified,affine_miscalibrated,mechanism,False,uncalibrated_all_data,none,value_bellman,1.0,1.0,2,100,0.11164288482452678,0.00431345484051863,0.11164288482452678,0.00431345484051863,100.0,0.9890347269677203,0.0,1.0
final,mechanism_distortion_sweep,nonlinear_discrete_action,mechanism_diagnostic,400,6,moderate,0.55,0.0,well_specified_linear,random_feature_fqe,random_feature_fqe_affine_distorted,misspecified,affine_miscalibrated,mechanism,False,uncalibrated_all_data,none,value_bellman,1.0,1.0,3,100,0.10527388700822767,0.0041679338218454575,0.10527388700822767,0.0041679338218454575,100.0,1.1140860740406224,0.0,1.0
final,mechanism_distortion_sweep,nonlinear_discrete_action,mechanism_diagnostic,400,6,moderate,0.55,0.0,well_specified_linear,random_feature_fqe,random_feature_fqe_affine_distorted,misspecified,affine_miscalibrated,mechanism,False,uncalibrated_all_data,none,value_bellman,1.0,1.0,4,100,0.123808646472204,0.005606658721023453,0.123808646472204,0.005606658721023453,100.0,1.5583868963704581,0.0,1.0
final,mechanism_distortion_sweep,nonlinear_discrete_action,mechanism_diagnostic,400,6,moderate,0.55,0.0,well_specified_linear,random_feature_fqe,random_feature_fqe_affine_distorted,misspecified,affine_miscalibrated,mechanism,True,cross,isotonic,value_bellman,0.8,0.8,0,100,0.05882241081148355,0.003396016080587143,0.05882241081148355,0.003396016080587143,100.0,0.5216520901116108,0.0,1.0
final,mechanism_distortion_sweep,nonlinear_discrete_action,mechanism_diagnostic,400,6,moderate,0.55,0.0,well_specified_linear,random_feature_fqe,random_feature_fqe_affine_distorted,misspecified,affine_miscalibrated,mechanism,True,cross,isotonic,value_bellman,0.8,0.8,1,100,0.03817751084912382,0.0020429581112042104,0.03817751084912382,0.0020429581112042104,100.0,0.8306433073167038,0.0,1.0
final,mechanism_distortion_sweep,nonlinear_discrete_action,mechanism_diagnostic,400,6,moderate,0.55,0.0,well_specified_linear,random_feature_fqe,random_feature_fqe_affine_distorted,misspecified,affine_miscalibrated,mechanism,True,cross,isotonic,value_bellman,0.8,0.8,2,100,0.02791476979401637,0.0015344146823788784,0.02791476979401637,0.0015344146823788784,100.0,0.9890347269677203,0.0,1.0
final,mechanism_distortion_sweep,nonlinear_discrete_action,mechanism_diagnostic,400,6,moderate,0.55,0.0,well_specified_linear,random_feature_fqe,random_feature_fqe_affine_distorted,misspecified,affine_miscalibrated,mechanism,True,cross,isotonic,value_bellman,0.8,0.8,3,100,0.02798775989234036,0.0015830190585946434,0.02798775989234036,0.0015830190585946434,100.0,1.1140860740406224,0.0,1.0
final,mechanism_distortion_sweep,nonlinear_discrete_action,mechanism_diagnostic,400,6,moderate,0.55,0.0,well_specified_linear,random_feature_fqe,random_feature_fqe_affine_distorted,misspecified,affine_miscalibrated,mechanism,True,cross,isotonic,value_bellman,0.8,0.8,4,100,0.03317124303917558,0.0019845013076290447,0.03317124303917558,0.0019845013076290447,100.0,1.5583868963704581,0.0,1.0
final,mechanism_distortion_sweep,nonlinear_discrete_action,mechanism_diagnostic,400,6,moderate,0.55,0.0,well_specified_linear,random_feature_fqe,random_feature_fqe_affine_distorted,misspecified,affine_miscalibrated,mechanism,True,cross,linear,value_bellman,0.8,0.8,0,100,0.057499102607108214,0.003262754160452025,0.057499102607108214,0.003262754160452025,100.0,0.5216520901116108,0.0,1.0
final,mechanism_distortion_sweep,nonlinear_discrete_action,mechanism_diagnostic,400,6,moderate,0.55,0.0,well_specified_linear,random_feature_fqe,random_feature_fqe_affine_distorted,misspecified,affine_miscalibrated,mechanism,True,cross,linear,value_bellman,0.8,0.8,1,100,0.03647816113688837,0.0018924245186711318,0.03647816113688837,0.0018924245186711318,100.0,0.8306433073167038,0.0,1.0
final,mechanism_distortion_sweep,nonlinear_discrete_action,mechanism_diagnostic,400,6,moderate,0.55,0.0,well_specified_linear,random_feature_fqe,random_feature_fqe_affine_distorted,misspecified,affine_miscalibrated,mechanism,True,cross,linear,value_bellman,0.8,0.8,2,100,0.02594590644586627,0.001348727754020359,0.02594590644586627,0.001348727754020359,100.0,0.9890347269677203,0.0,1.0
final,mechanism_distortion_sweep,nonlinear_discrete_action,mechanism_diagnostic,400,6,moderate,0.55,0.0,well_specified_linear,random_feature_fqe,random_feature_fqe_affine_distorted,misspecified,affine_miscalibrated,mechanism,True,cross,linear,value_bellman,0.8,0.8,3,100,0.02599441379381088,0.0013565612639551603,0.02599441379381088,0.0013565612639551603,100.0,1.1140860740406224,0.0,1.0
final,mechanism_distortion_sweep,nonlinear_discrete_action,mechanism_diagnostic,400,6,moderate,0.55,0.0,well_specified_linear,random_feature_fqe,random_feature_fqe_affine_distorted,misspecified,affine_miscalibrated,mechanism,True,cross,linear,value_bellman,0.8,0.8,4,100,0.030730659343401148,0.001674426321919983,0.030730659343401148,0.001674426321919983,100.0,1.5583868963704581,0.0,1.0
final,mechanism_distortion_sweep,nonlinear_discrete_action,mechanism_diagnostic,400,6,moderate,0.55,0.0,well_specified_linear,random_feature_fqe,random_feature_fqe_monotone_saturation_distorted,misspecified,monotone_miscalibrated,mechanism,False,uncalibrated_all_data,none,value_bellman,1.0,1.0,0,100,0.2030609422181381,0.016691488047288656,0.2030609422181381,0.016691488047288656,100.0,0.5216520901116108,0.0,1.0
final,mechanism_distortion_sweep,nonlinear_discrete_action,mechanism_diagnostic,400,6,moderate,0.55,0.0,well_specified_linear,random_feature_fqe,random_feature_fqe_monotone_saturation_distorted,misspecified,monotone_miscalibrated,mechanism,False,uncalibrated_all_data,none,value_bellman,1.0,1.0,1,100,0.15308298259286812,0.009621538966729267,0.15308298259286812,0.009621538966729267,100.0,0.8306433073167038,0.0,1.0
final,mechanism_distortion_sweep,nonlinear_discrete_action,mechanism_diagnostic,400,6,moderate,0.55,0.0,well_specified_linear,random_feature_fqe,random_feature_fqe_monotone_saturation_distorted,misspecified,monotone_miscalibrated,mechanism,False,uncalibrated_all_data,none,value_bellman,1.0,1.0,2,100,0.16490464495152202,0.009470402967777807,0.16490464495152202,0.009470402967777807,100.0,0.9890347269677203,0.0,1.0
final,mechanism_distortion_sweep,nonlinear_discrete_action,mechanism_diagnostic,400,6,moderate,0.55,0.0,well_specified_linear,random_feature_fqe,random_feature_fqe_monotone_saturation_distorted,misspecified,monotone_miscalibrated,mechanism,False,uncalibrated_all_data,none,value_bellman,1.0,1.0,3,100,0.1460836279401629,0.008555061765950781,0.1460836279401629,0.008555061765950781,100.0,1.1140860740406224,0.0,1.0
final,mechanism_distortion_sweep,nonlinear_discrete_action,mechanism_diagnostic,400,6,moderate,0.55,0.0,well_specified_linear,random_feature_fqe,random_feature_fqe_monotone_saturation_distorted,misspecified,monotone_miscalibrated,mechanism,False,uncalibrated_all_data,none,value_bellman,1.0,1.0,4,100,0.17640708325435772,0.011739480181843513,0.17640708325435772,0.011739480181843513,100.0,1.5583868963704581,0.0,1.0
final,mechanism_distortion_sweep,nonlinear_discrete_action,mechanism_diagnostic,400,6,moderate,0.55,0.0,well_specified_linear,random_feature_fqe,random_feature_fqe_monotone_saturation_distorted,misspecified,monotone_miscalibrated,mechanism,True,cross,isotonic,value_bellman,0.8,0.8,0,100,0.039846628425057,0.002535943026587938,0.039846628425057,0.002535943026587938,100.0,0.5216520901116108,0.0,1.0
final,mechanism_distortion_sweep,nonlinear_discrete_action,mechanism_diagnostic,400,6,moderate,0.55,0.0,well_specified_linear,random_feature_fqe,random_feature_fqe_monotone_saturation_distorted,misspecified,monotone_miscalibrated,mechanism,True,cross,isotonic,value_bellman,0.8,0.8,1,100,0.023960458808921524,0.0016232924856186405,0.023960458808921524,0.0016232924856186405,100.0,0.8306433073167038,0.0,1.0
final,mechanism_distortion_sweep,nonlinear_discrete_action,mechanism_diagnostic,400,6,moderate,0.55,0.0,well_specified_linear,random_feature_fqe,random_feature_fqe_monotone_saturation_distorted,misspecified,monotone_miscalibrated,mechanism,True,cross,isotonic,value_bellman,0.8,0.8,2,100,0.01579753552969337,0.001293692263351472,0.01579753552969337,0.001293692263351472,100.0,0.9890347269677203,0.0,1.0
final,mechanism_distortion_sweep,nonlinear_discrete_action,mechanism_diagnostic,400,6,moderate,0.55,0.0,well_specified_linear,random_feature_fqe,random_feature_fqe_monotone_saturation_distorted,misspecified,monotone_miscalibrated,mechanism,True,cross,isotonic,value_bellman,0.8,0.8,3,100,0.015316948164562114,0.0012135530708147749,0.015316948164562114,0.0012135530708147749,100.0,1.1140860740406224,0.0,1.0
final,mechanism_distortion_sweep,nonlinear_discrete_action,mechanism_diagnostic,400,6,moderate,0.55,0.0,well_specified_linear,random_feature_fqe,random_feature_fqe_monotone_saturation_distorted,misspecified,monotone_miscalibrated,mechanism,True,cross,isotonic,value_bellman,0.8,0.8,4,100,0.021675571680156103,0.0018973435667340964,0.021675571680156103,0.0018973435667340964,100.0,1.5583868963704581,0.0,1.0
final,mechanism_distortion_sweep,nonlinear_discrete_action,mechanism_diagnostic,400,6,moderate,0.55,0.0,well_specified_linear,random_feature_fqe,random_feature_fqe_monotone_saturation_distorted,misspecified,monotone_miscalibrated,mechanism,True,cross,linear,value_bellman,0.8,0.8,0,100,0.1461504620936112,0.01105906627090568,0.1461504620936112,0.01105906627090568,100.0,0.5216520901116108,0.0,1.0
final,mechanism_distortion_sweep,nonlinear_discrete_action,mechanism_diagnostic,400,6,moderate,0.55,0.0,well_specified_linear,random_feature_fqe,random_feature_fqe_monotone_saturation_distorted,misspecified,monotone_miscalibrated,mechanism,True,cross,linear,value_bellman,0.8,0.8,1,100,0.1045747067584195,0.0066578666146144844,0.1045747067584195,0.0066578666146144844,100.0,0.8306433073167038,0.0,1.0
final,mechanism_distortion_sweep,nonlinear_discrete_action,mechanism_diagnostic,400,6,moderate,0.55,0.0,well_specified_linear,random_feature_fqe,random_feature_fqe_monotone_saturation_distorted,misspecified,monotone_miscalibrated,mechanism,True,cross,linear,value_bellman,0.8,0.8,2,100,0.1072618173725692,0.0064806787655615206,0.1072618173725692,0.0064806787655615206,100.0,0.9890347269677203,0.0,1.0
final,mechanism_distortion_sweep,nonlinear_discrete_action,mechanism_diagnostic,400,6,moderate,0.55,0.0,well_specified_linear,random_feature_fqe,random_feature_fqe_monotone_saturation_distorted,misspecified,monotone_miscalibrated,mechanism,True,cross,linear,value_bellman,0.8,0.8,3,100,0.09807777157885168,0.006741559256844744,0.09807777157885168,0.006741559256844744,100.0,1.1140860740406224,0.0,1.0
final,mechanism_distortion_sweep,nonlinear_discrete_action,mechanism_diagnostic,400,6,moderate,0.55,0.0,well_specified_linear,random_feature_fqe,random_feature_fqe_monotone_saturation_distorted,misspecified,monotone_miscalibrated,mechanism,True,cross,linear,value_bellman,0.8,0.8,4,100,0.11854764704843948,0.008627191298609536,0.11854764704843948,0.008627191298609536,100.0,1.5583868963704581,0.0,1.0
final,model_misspecification_sweep,nonlinear_discrete_action,nonlinear_synthetic,500,6,moderate,0.75,0.2,affine,linear_fqe,linear_fqe_affine_ridge_light,misspecified,affine_miscalibrated,main,False,uncalibrated_all_data,none,value_bellman,1.0,1.0,0,100,1.692206057735635,0.2869381438389201,1.6477777205078994,0.2841208131657795,80.0,0.405329645540658,0.0,1.0
final,model_misspecification_sweep,nonlinear_discrete_action,nonlinear_synthetic,500,6,moderate,0.75,0.2,affine,linear_fqe,linear_fqe_affine_ridge_light,misspecified,affine_miscalibrated,main,False,uncalibrated_all_data,none,value_bellman,1.0,1.0,1,100,1.1562165020942856,0.16279636063422648,1.1112432892009683,0.16255245856487982,80.0,0.7466196372534409,0.0,1.0
final,model_misspecification_sweep,nonlinear_discrete_action,nonlinear_synthetic,500,6,moderate,0.75,0.2,affine,linear_fqe,linear_fqe_affine_ridge_light,misspecified,affine_miscalibrated,main,False,uncalibrated_all_data,none,value_bellman,1.0,1.0,2,100,0.8858892690107169,0.0970748898484006,0.8500376203799579,0.09811454501578197,80.0,0.9495664681179267,0.0,1.0
final,model_misspecification_sweep,nonlinear_discrete_action,nonlinear_synthetic,500,6,moderate,0.75,0.2,affine,linear_fqe,linear_fqe_affine_ridge_light,misspecified,affine_miscalibrated,main,False,uncalibrated_all_data,none,value_bellman,1.0,1.0,3,100,0.8714381977572414,0.08320713229838397,0.8323729110187206,0.0839257899933259,80.0,1.1098148266528403,0.0,1.0
final,model_misspecification_sweep,nonlinear_discrete_action,nonlinear_synthetic,500,6,moderate,0.75,0.2,affine,linear_fqe,linear_fqe_affine_ridge_light,misspecified,affine_miscalibrated,main,False,uncalibrated_all_data,none,value_bellman,1.0,1.0,4,100,0.9690542479177335,0.09013944681644497,0.9281185892882752,0.08992190482930947,80.0,1.8137971344323844,0.0,1.0
final,model_misspecification_sweep,nonlinear_discrete_action,nonlinear_synthetic,500,6,moderate,0.75,0.2,affine,linear_fqe,linear_fqe_affine_ridge_light,misspecified,affine_miscalibrated,main,True,cross,isotonic,value_bellman,0.8,0.8,0,100,1.783341404641522,0.2546772195238398,1.7386797733550392,0.2519066288713526,80.0,0.405329645540658,0.0,1.0
final,model_misspecification_sweep,nonlinear_discrete_action,nonlinear_synthetic,500,6,moderate,0.75,0.2,affine,linear_fqe,linear_fqe_affine_ridge_light,misspecified,affine_miscalibrated,main,True,cross,isotonic,value_bellman,0.8,0.8,1,100,1.2233740446032686,0.14395641363724485,1.18037321798276,0.14426312307218872,80.0,0.7466196372534409,0.0,1.0
final,model_misspecification_sweep,nonlinear_discrete_action,nonlinear_synthetic,500,6,moderate,0.75,0.2,affine,linear_fqe,linear_fqe_affine_ridge_light,misspecified,affine_miscalibrated,main,True,cross,isotonic,value_bellman,0.8,0.8,2,100,0.9663415115467473,0.08642208212270167,0.9280641209086453,0.08695245819348989,80.0,0.9495664681179267,0.0,1.0
final,model_misspecification_sweep,nonlinear_discrete_action,nonlinear_synthetic,500,6,moderate,0.75,0.2,affine,linear_fqe,linear_fqe_affine_ridge_light,misspecified,affine_miscalibrated,main,True,cross,isotonic,value_bellman,0.8,0.8,3,100,0.9439958224981853,0.07652605574305878,0.9060287034984706,0.07667149822799034,80.0,1.1098148266528403,0.0,1.0
final,model_misspecification_sweep,nonlinear_discrete_action,nonlinear_synthetic,500,6,moderate,0.75,0.2,affine,linear_fqe,linear_fqe_affine_ridge_light,misspecified,affine_miscalibrated,main,True,cross,isotonic,value_bellman,0.8,0.8,4,100,1.0755136796455118,0.08848744750906459,1.0356987436281273,0.08814186425816367,80.0,1.8137971344323844,0.0,1.0
final,model_misspecification_sweep,nonlinear_discrete_action,nonlinear_synthetic,500,6,moderate,0.75,0.2,affine,linear_fqe,linear_fqe_affine_ridge_light,misspecified,affine_miscalibrated,main,True,cross,linear,value_bellman,0.8,0.8,0,100,1.5139520691474906,0.20385549770716221,1.4702501762993416,0.20152628207078932,80.0,0.405329645540658,0.0,1.0
final,model_misspecification_sweep,nonlinear_discrete_action,nonlinear_synthetic,500,6,moderate,0.75,0.2,affine,linear_fqe,linear_fqe_affine_ridge_light,misspecified,affine_miscalibrated,main,True,cross,linear,value_bellman,0.8,0.8,1,100,1.034793536337486,0.12204232226070606,0.9909303275362646,0.12189583418360664,80.0,0.7466196372534409,0.0,1.0
final,model_misspecification_sweep,nonlinear_discrete_action,nonlinear_synthetic,500,6,moderate,0.75,0.2,affine,linear_fqe,linear_fqe_affine_ridge_light,misspecified,affine_miscalibrated,main,True,cross,linear,value_bellman,0.8,0.8,2,100,0.789675678061546,0.07145610207997788,0.7531097032994648,0.07218958436940211,80.0,0.9495664681179267,0.0,1.0
final,model_misspecification_sweep,nonlinear_discrete_action,nonlinear_synthetic,500,6,moderate,0.75,0.2,affine,linear_fqe,linear_fqe_affine_ridge_light,misspecified,affine_miscalibrated,main,True,cross,linear,value_bellman,0.8,0.8,3,100,0.7847543861994353,0.06633129719664896,0.7449110167232184,0.06678386056172791,80.0,1.1098148266528403,0.0,1.0
final,model_misspecification_sweep,nonlinear_discrete_action,nonlinear_synthetic,500,6,moderate,0.75,0.2,affine,linear_fqe,linear_fqe_affine_ridge_light,misspecified,affine_miscalibrated,main,True,cross,linear,value_bellman,0.8,0.8,4,100,0.8888143948087813,0.07120985102901128,0.8476107755276334,0.07095902651405443,80.0,1.8137971344323844,0.0,1.0
final,model_misspecification_sweep,nonlinear_discrete_action,nonlinear_synthetic,500,6,moderate,0.75,0.2,affine,linear_fqe,linear_fqe_misspecified,misspecified,affine_miscalibrated,main,False,uncalibrated_all_data,none,value_bellman,1.0,1.0,0,100,1.7630114946906195,0.2918774453495482,1.718658947718306,0.289187056844751,80.0,0.405329645540658,0.0,1.0
final,model_misspecification_sweep,nonlinear_discrete_action,nonlinear_synthetic,500,6,moderate,0.75,0.2,affine,linear_fqe,linear_fqe_misspecified,misspecified,affine_miscalibrated,main,False,uncalibrated_all_data,none,value_bellman,1.0,1.0,1,100,1.233107868114929,0.17087557541496495,1.1882331253240104,0.17065703053633546,80.0,0.7466196372534409,0.0,1.0
final,model_misspecification_sweep,nonlinear_discrete_action,nonlinear_synthetic,500,6,moderate,0.75,0.2,affine,linear_fqe,linear_fqe_misspecified,misspecified,affine_miscalibrated,main,False,uncalibrated_all_data,none,value_bellman,1.0,1.0,2,100,0.9608086359721625,0.10293707756013355,0.9246751206870062,0.10385319325137994,80.0,0.9495664681179267,0.0,1.0
final,model_misspecification_sweep,nonlinear_discrete_action,nonlinear_synthetic,500,6,moderate,0.75,0.2,affine,linear_fqe,linear_fqe_misspecified,misspecified,affine_miscalibrated,main,False,uncalibrated_all_data,none,value_bellman,1.0,1.0,3,100,0.9437696397863037,0.0849233640481655,0.9049553918609571,0.08574141511429759,80.0,1.1098148266528403,0.0,1.0
final,model_misspecification_sweep,nonlinear_discrete_action,nonlinear_synthetic,500,6,moderate,0.75,0.2,affine,linear_fqe,linear_fqe_misspecified,misspecified,affine_miscalibrated,main,False,uncalibrated_all_data,none,value_bellman,1.0,1.0,4,100,1.0313759670780498,0.09346371498538955,0.9909910102780163,0.09321496052740733,80.0,1.8137971344323844,0.0,1.0
final,model_misspecification_sweep,nonlinear_discrete_action,nonlinear_synthetic,500,6,moderate,0.75,0.2,affine,linear_fqe,linear_fqe_misspecified,misspecified,affine_miscalibrated,main,True,cross,isotonic,value_bellman,0.8,0.8,0,100,1.8433496425357756,0.26800085018581843,1.797286891645808,0.2652571167605706,80.0,0.405329645540658,0.0,1.0
final,model_misspecification_sweep,nonlinear_discrete_action,nonlinear_synthetic,500,6,moderate,0.75,0.2,affine,linear_fqe,linear_fqe_misspecified,misspecified,affine_miscalibrated,main,True,cross,isotonic,value_bellman,0.8,0.8,1,100,1.2750295641530607,0.1559184070440115,1.2318126261740054,0.1560051731834357,80.0,0.7466196372534409,0.0,1.0
final,model_misspecification_sweep,nonlinear_discrete_action,nonlinear_synthetic,500,6,moderate,0.75,0.2,affine,linear_fqe,linear_fqe_misspecified,misspecified,affine_miscalibrated,main,True,cross,isotonic,value_bellman,0.8,0.8,2,100,1.0200524270024076,0.09244522558321731,0.981261837666604,0.09316038905005276,80.0,0.9495664681179267,0.0,1.0
final,model_misspecification_sweep,nonlinear_discrete_action,nonlinear_synthetic,500,6,moderate,0.75,0.2,affine,linear_fqe,linear_fqe_misspecified,misspecified,affine_miscalibrated,main,True,cross,isotonic,value_bellman,0.8,0.8,3,100,0.9922766312161224,0.08019569834875938,0.9522422575547101,0.08041811955299762,80.0,1.1098148266528403,0.0,1.0
final,model_misspecification_sweep,nonlinear_discrete_action,nonlinear_synthetic,500,6,moderate,0.75,0.2,affine,linear_fqe,linear_fqe_misspecified,misspecified,affine_miscalibrated,main,True,cross,isotonic,value_bellman,0.8,0.8,4,100,1.1183125424937723,0.09341617534129065,1.0797905738780331,0.092840576659469,80.0,1.8137971344323844,0.0,1.0
final,model_misspecification_sweep,nonlinear_discrete_action,nonlinear_synthetic,500,6,moderate,0.75,0.2,affine,linear_fqe,linear_fqe_misspecified,misspecified,affine_miscalibrated,main,True,cross,linear,value_bellman,0.8,0.8,0,100,1.560758129664309,0.20943543716594845,1.5170744954994257,0.20714657328772076,80.0,0.405329645540658,0.0,1.0
final,model_misspecification_sweep,nonlinear_discrete_action,nonlinear_synthetic,500,6,moderate,0.75,0.2,affine,linear_fqe,linear_fqe_misspecified,misspecified,affine_miscalibrated,main,True,cross,linear,value_bellman,0.8,0.8,1,100,1.0832971148202548,0.12808951609954095,1.039499337948322,0.1279686771613859,80.0,0.7466196372534409,0.0,1.0
final,model_misspecification_sweep,nonlinear_discrete_action,nonlinear_synthetic,500,6,moderate,0.75,0.2,affine,linear_fqe,linear_fqe_misspecified,misspecified,affine_miscalibrated,main,True,cross,linear,value_bellman,0.8,0.8,2,100,0.8354481025316122,0.07575740371529995,0.7986593621665284,0.07640192592895544,80.0,0.9495664681179267,0.0,1.0
final,model_misspecification_sweep,nonlinear_discrete_action,nonlinear_synthetic,500,6,moderate,0.75,0.2,affine,linear_fqe,linear_fqe_misspecified,misspecified,affine_miscalibrated,main,True,cross,linear,value_bellman,0.8,0.8,3,100,0.8277566266178783,0.06677883765089627,0.7880157018806109,0.06730470194485531,80.0,1.1098148266528403,0.0,1.0
final,model_misspecification_sweep,nonlinear_discrete_action,nonlinear_synthetic,500,6,moderate,0.75,0.2,affine,linear_fqe,linear_fqe_misspecified,misspecified,affine_miscalibrated,main,True,cross,linear,value_bellman,0.8,0.8,4,100,0.9245849820530547,0.07281589807450131,0.8837667990730453,0.07251869584506294,80.0,1.8137971344323844,0.0,1.0
final,temporal_reward_shift_sweep,nonlinear_discrete_action,temporal_reward_shift,2000,5,moderate,0.55,0.08,temporal_reward_shift,random_feature_fqe,temporal_rf_fqe,temporally_shifted,temporal_reward_shift,main,False,current_retrain_small,none,value_bellman,0.05,0.05,0,100,2055.5197683599936,55.05104276228228,2055.46661873425,55.045128107830124,100.0,0.5403463278044632,0.0,1.0
final,temporal_reward_shift_sweep,nonlinear_discrete_action,temporal_reward_shift,2000,5,moderate,0.55,0.08,temporal_reward_shift,random_feature_fqe,temporal_rf_fqe,temporally_shifted,temporal_reward_shift,main,False,current_retrain_small,none,value_bellman,0.05,0.05,1,100,1906.8834938158986,55.41213055029834,1906.8251704277316,55.412905945592534,100.0,0.8322155643689344,0.0,1.0
final,temporal_reward_shift_sweep,nonlinear_discrete_action,temporal_reward_shift,2000,5,moderate,0.55,0.08,temporal_reward_shift,random_feature_fqe,temporal_rf_fqe,temporally_shifted,temporal_reward_shift,main,False,current_retrain_small,none,value_bellman,0.05,0.05,2,100,2260.028694372641,69.18734642307786,2260.0145304850676,69.1948449470982,100.0,0.982529910100818,0.0,1.0
final,temporal_reward_shift_sweep,nonlinear_discrete_action,temporal_reward_shift,2000,5,moderate,0.55,0.08,temporal_reward_shift,random_feature_fqe,temporal_rf_fqe,temporally_shifted,temporal_reward_shift,main,False,current_retrain_small,none,value_bellman,0.05,0.05,3,100,2220.350670118323,60.604614757880185,2220.3151487848118,60.60530767129736,100.0,1.106239140178131,0.0,1.0
final,temporal_reward_shift_sweep,nonlinear_discrete_action,temporal_reward_shift,2000,5,moderate,0.55,0.08,temporal_reward_shift,random_feature_fqe,temporal_rf_fqe,temporally_shifted,temporal_reward_shift,main,False,current_retrain_small,none,value_bellman,0.05,0.05,4,100,1981.247716394358,50.430398218999144,1981.2529165149267,50.4262433283875,100.0,1.5361896437758074,0.0,1.0
final,temporal_reward_shift_sweep,nonlinear_discrete_action,temporal_reward_shift,2000,5,moderate,0.55,0.08,temporal_reward_shift,random_feature_fqe,temporal_rf_fqe,temporally_shifted,temporal_reward_shift,main,False,uncalibrated_all_data,none,value_bellman,1.0,1.0,0,100,13.02753289900105,0.5939981471783923,13.017316842272024,0.5928569250587803,100.0,0.5403463278044632,0.0,1.0
final,temporal_reward_shift_sweep,nonlinear_discrete_action,temporal_reward_shift,2000,5,moderate,0.55,0.08,temporal_reward_shift,random_feature_fqe,temporal_rf_fqe,temporally_shifted,temporal_reward_shift,main,False,uncalibrated_all_data,none,value_bellman,1.0,1.0,1,100,10.774818625279574,0.4605644127175177,10.766543877521634,0.46123479615763097,100.0,0.8322155643689344,0.0,1.0
final,temporal_reward_shift_sweep,nonlinear_discrete_action,temporal_reward_shift,2000,5,moderate,0.55,0.08,temporal_reward_shift,random_feature_fqe,temporal_rf_fqe,temporally_shifted,temporal_reward_shift,main,False,uncalibrated_all_data,none,value_bellman,1.0,1.0,2,100,11.500174073056236,0.5972861750992049,11.497318338873585,0.598768950490217,100.0,0.982529910100818,0.0,1.0
final,temporal_reward_shift_sweep,nonlinear_discrete_action,temporal_reward_shift,2000,5,moderate,0.55,0.08,temporal_reward_shift,random_feature_fqe,temporal_rf_fqe,temporally_shifted,temporal_reward_shift,main,False,uncalibrated_all_data,none,value_bellman,1.0,1.0,3,100,11.533147458919895,0.5736545600027393,11.532024102555589,0.573262775859876,100.0,1.106239140178131,0.0,1.0
final,temporal_reward_shift_sweep,nonlinear_discrete_action,temporal_reward_shift,2000,5,moderate,0.55,0.08,temporal_reward_shift,random_feature_fqe,temporal_rf_fqe,temporally_shifted,temporal_reward_shift,main,False,uncalibrated_all_data,none,value_bellman,1.0,1.0,4,100,11.812594149202809,0.5651856461601225,11.807203312130785,0.5653675273749388,100.0,1.5361896437758074,0.0,1.0
final,temporal_reward_shift_sweep,nonlinear_discrete_action,temporal_reward_shift,2000,5,moderate,0.55,0.08,temporal_reward_shift,random_feature_fqe,temporal_rf_fqe,temporally_shifted,temporal_reward_shift,main,True,recent_heldout,isotonic,value_bellman,1.0,1.0,0,100,23.47464948852646,2.1410749484562954,23.463687000238494,2.1380596973979697,100.0,0.5403463278044632,0.0,1.0
final,temporal_reward_shift_sweep,nonlinear_discrete_action,temporal_reward_shift,2000,5,moderate,0.55,0.08,temporal_reward_shift,random_feature_fqe,temporal_rf_fqe,temporally_shifted,temporal_reward_shift,main,True,recent_heldout,isotonic,value_bellman,1.0,1.0,1,100,18.778851828061335,1.520227363978765,18.774390139191492,1.5201226804858954,100.0,0.8322155643689344,0.0,1.0
final,temporal_reward_shift_sweep,nonlinear_discrete_action,temporal_reward_shift,2000,5,moderate,0.55,0.08,temporal_reward_shift,random_feature_fqe,temporal_rf_fqe,temporally_shifted,temporal_reward_shift,main,True,recent_heldout,isotonic,value_bellman,1.0,1.0,2,100,22.00096218598505,2.413370474855367,21.994569651500374,2.4155162266886525,100.0,0.982529910100818,0.0,1.0
final,temporal_reward_shift_sweep,nonlinear_discrete_action,temporal_reward_shift,2000,5,moderate,0.55,0.08,temporal_reward_shift,random_feature_fqe,temporal_rf_fqe,temporally_shifted,temporal_reward_shift,main,True,recent_heldout,isotonic,value_bellman,1.0,1.0,3,100,21.485544564723355,2.7506210716098165,21.484094331796477,2.750899659847635,100.0,1.106239140178131,0.0,1.0
final,temporal_reward_shift_sweep,nonlinear_discrete_action,temporal_reward_shift,2000,5,moderate,0.55,0.08,temporal_reward_shift,random_feature_fqe,temporal_rf_fqe,temporally_shifted,temporal_reward_shift,main,True,recent_heldout,isotonic,value_bellman,1.0,1.0,4,100,22.28389033816339,2.588731043835484,22.27855130998967,2.58751075146668,100.0,1.5361896437758074,0.0,1.0
final,temporal_reward_shift_sweep,nonlinear_discrete_action,temporal_reward_shift,2000,5,moderate,0.55,0.08,temporal_reward_shift,random_feature_fqe,temporal_rf_fqe,temporally_shifted,temporal_reward_shift,main,True,recent_heldout,linear,value_bellman,1.0,1.0,0,100,18.049785182694073,1.3070807266136506,18.042423396110184,1.3074240974092166,100.0,0.5403463278044632,0.0,1.0
final,temporal_reward_shift_sweep,nonlinear_discrete_action,temporal_reward_shift,2000,5,moderate,0.55,0.08,temporal_reward_shift,random_feature_fqe,temporal_rf_fqe,temporally_shifted,temporal_reward_shift,main,True,recent_heldout,linear,value_bellman,1.0,1.0,1,100,14.165185108701259,1.0325845432808083,14.158528339596764,1.032688092571049,100.0,0.8322155643689344,0.0,1.0
final,temporal_reward_shift_sweep,nonlinear_discrete_action,temporal_reward_shift,2000,5,moderate,0.55,0.08,temporal_reward_shift,random_feature_fqe,temporal_rf_fqe,temporally_shifted,temporal_reward_shift,main,True,recent_heldout,linear,value_bellman,1.0,1.0,2,100,16.29990029946571,1.3145038169197567,16.292391575088267,1.31573843334116,100.0,0.982529910100818,0.0,1.0
final,temporal_reward_shift_sweep,nonlinear_discrete_action,temporal_reward_shift,2000,5,moderate,0.55,0.08,temporal_reward_shift,random_feature_fqe,temporal_rf_fqe,temporally_shifted,temporal_reward_shift,main,True,recent_heldout,linear,value_bellman,1.0,1.0,3,100,15.856838598077637,1.1926643691967933,15.85526817803772,1.1924718099706006,100.0,1.106239140178131,0.0,1.0
final,temporal_reward_shift_sweep,nonlinear_discrete_action,temporal_reward_shift,2000,5,moderate,0.55,0.08,temporal_reward_shift,random_feature_fqe,temporal_rf_fqe,temporally_shifted,temporal_reward_shift,main,True,recent_heldout,linear,value_bellman,1.0,1.0,4,100,16.187740924013717,1.1536715917667006,16.184786822560504,1.154965570018367,100.0,1.5361896437758074,0.0,1.0
final,undertraining_sweep,nonlinear_discrete_action,nonlinear_synthetic,1200,4,moderate,0.45,0.05,finite_iteration_scale,random_feature_fqe,random_feature_fqe_iter2,under_iterated,finite_iteration_bias,main,False,uncalibrated_all_data,none,value_bellman,1.0,1.0,0,100,1.0372512831404412,0.026516178082094714,1.0353895040797283,0.026471368984868786,100.0,0.6343762164172764,0.0,1.0
final,undertraining_sweep,nonlinear_discrete_action,nonlinear_synthetic,1200,4,moderate,0.45,0.05,finite_iteration_scale,random_feature_fqe,random_feature_fqe_iter2,under_iterated,finite_iteration_bias,main,False,uncalibrated_all_data,none,value_bellman,1.0,1.0,1,100,0.9278313706338159,0.025431024735662132,0.9257939216072114,0.025370121019394155,100.0,0.8787606741314044,0.0,1.0
final,undertraining_sweep,nonlinear_discrete_action,nonlinear_synthetic,1200,4,moderate,0.45,0.05,finite_iteration_scale,random_feature_fqe,random_feature_fqe_iter2,under_iterated,finite_iteration_bias,main,False,uncalibrated_all_data,none,value_bellman,1.0,1.0,2,100,0.9748428839408271,0.030831693292433116,0.971284712934106,0.03107384328316474,100.0,0.999999559636195,0.0,1.0
final,undertraining_sweep,nonlinear_discrete_action,nonlinear_synthetic,1200,4,moderate,0.45,0.05,finite_iteration_scale,random_feature_fqe,random_feature_fqe_iter2,under_iterated,finite_iteration_bias,main,False,uncalibrated_all_data,none,value_bellman,1.0,1.0,3,100,1.0330785063609915,0.030509813662307435,1.0290704834277336,0.030663341482806084,100.0,1.1022925455136912,0.0,1.0
final,undertraining_sweep,nonlinear_discrete_action,nonlinear_synthetic,1200,4,moderate,0.45,0.05,finite_iteration_scale,random_feature_fqe,random_feature_fqe_iter2,under_iterated,finite_iteration_bias,main,False,uncalibrated_all_data,none,value_bellman,1.0,1.0,4,100,1.0173357169782704,0.03037141308524934,1.0145134101626718,0.030199409867331793,100.0,1.3877411908087993,0.0,1.0
final,undertraining_sweep,nonlinear_discrete_action,nonlinear_synthetic,1200,4,moderate,0.45,0.05,finite_iteration_scale,random_feature_fqe,random_feature_fqe_iter2,under_iterated,finite_iteration_bias,main,True,cross,isotonic,value_bellman,0.8,0.8,0,100,0.9478071883900716,0.044848901115483765,0.9453070524681845,0.044578526392275636,100.0,0.6343762164172764,0.0,1.0
final,undertraining_sweep,nonlinear_discrete_action,nonlinear_synthetic,1200,4,moderate,0.45,0.05,finite_iteration_scale,random_feature_fqe,random_feature_fqe_iter2,under_iterated,finite_iteration_bias,main,True,cross,isotonic,value_bellman,0.8,0.8,1,100,0.9125556164476454,0.047075305073016424,0.9104410168486627,0.046969955924902135,100.0,0.8787606741314044,0.0,1.0
final,undertraining_sweep,nonlinear_discrete_action,nonlinear_synthetic,1200,4,moderate,0.45,0.05,finite_iteration_scale,random_feature_fqe,random_feature_fqe_iter2,under_iterated,finite_iteration_bias,main,True,cross,isotonic,value_bellman,0.8,0.8,2,100,0.9438877731880864,0.05046285360295784,0.9413237610971484,0.05059287481843163,100.0,0.999999559636195,0.0,1.0
final,undertraining_sweep,nonlinear_discrete_action,nonlinear_synthetic,1200,4,moderate,0.45,0.05,finite_iteration_scale,random_feature_fqe,random_feature_fqe_iter2,under_iterated,finite_iteration_bias,main,True,cross,isotonic,value_bellman,0.8,0.8,3,100,0.9823721269145775,0.05563968711723144,0.9793181528380934,0.055833392897600566,100.0,1.1022925455136912,0.0,1.0
final,undertraining_sweep,nonlinear_discrete_action,nonlinear_synthetic,1200,4,moderate,0.45,0.05,finite_iteration_scale,random_feature_fqe,random_feature_fqe_iter2,under_iterated,finite_iteration_bias,main,True,cross,isotonic,value_bellman,0.8,0.8,4,100,0.9336217766086747,0.04958093762239006,0.9309457829316279,0.049418690774420945,100.0,1.3877411908087993,0.0,1.0
final,undertraining_sweep,nonlinear_discrete_action,nonlinear_synthetic,1200,4,moderate,0.45,0.05,finite_iteration_scale,random_feature_fqe,random_feature_fqe_iter2,under_iterated,finite_iteration_bias,main,True,cross,linear,value_bellman,0.8,0.8,0,100,0.844046127996928,0.040643788398651466,0.8419472463235824,0.04043171592746988,100.0,0.6343762164172764,0.0,1.0
final,undertraining_sweep,nonlinear_discrete_action,nonlinear_synthetic,1200,4,moderate,0.45,0.05,finite_iteration_scale,random_feature_fqe,random_feature_fqe_iter2,under_iterated,finite_iteration_bias,main,True,cross,linear,value_bellman,0.8,0.8,1,100,0.8055527475466941,0.04059324078459408,0.8036742575492574,0.04049086303353976,100.0,0.8787606741314044,0.0,1.0
final,undertraining_sweep,nonlinear_discrete_action,nonlinear_synthetic,1200,4,moderate,0.45,0.05,finite_iteration_scale,random_feature_fqe,random_feature_fqe_iter2,under_iterated,finite_iteration_bias,main,True,cross,linear,value_bellman,0.8,0.8,2,100,0.8331005248601661,0.04542110617807806,0.8305592797760039,0.045626407894199264,100.0,0.999999559636195,0.0,1.0
final,undertraining_sweep,nonlinear_discrete_action,nonlinear_synthetic,1200,4,moderate,0.45,0.05,finite_iteration_scale,random_feature_fqe,random_feature_fqe_iter2,under_iterated,finite_iteration_bias,main,True,cross,linear,value_bellman,0.8,0.8,3,100,0.8766345071683339,0.04990954263275538,0.8733343900519276,0.05008309583675112,100.0,1.1022925455136912,0.0,1.0
final,undertraining_sweep,nonlinear_discrete_action,nonlinear_synthetic,1200,4,moderate,0.45,0.05,finite_iteration_scale,random_feature_fqe,random_feature_fqe_iter2,under_iterated,finite_iteration_bias,main,True,cross,linear,value_bellman,0.8,0.8,4,100,0.8423678033609113,0.04690375586186106,0.8394776856856214,0.04673690164755671,100.0,1.3877411908087993,0.0,1.0
final,undertraining_sweep,nonlinear_discrete_action,nonlinear_synthetic,1200,4,moderate,0.45,0.05,finite_iteration_scale,random_feature_fqe,random_feature_fqe_iter3,under_iterated,finite_iteration_bias,main,False,uncalibrated_all_data,none,value_bellman,1.0,1.0,0,100,0.9826713844766936,0.027824934404576767,0.9807760869931389,0.027744728254940787,100.0,0.6343762164172764,0.0,1.0
final,undertraining_sweep,nonlinear_discrete_action,nonlinear_synthetic,1200,4,moderate,0.45,0.05,finite_iteration_scale,random_feature_fqe,random_feature_fqe_iter3,under_iterated,finite_iteration_bias,main,False,uncalibrated_all_data,none,value_bellman,1.0,1.0,1,100,0.8890504206329838,0.026678113734822567,0.8870266853407774,0.026607164379719783,100.0,0.8787606741314044,0.0,1.0
final,undertraining_sweep,nonlinear_discrete_action,nonlinear_synthetic,1200,4,moderate,0.45,0.05,finite_iteration_scale,random_feature_fqe,random_feature_fqe_iter3,under_iterated,finite_iteration_bias,main,False,uncalibrated_all_data,none,value_bellman,1.0,1.0,2,100,0.9325794837826443,0.031489902995039634,0.9291948152590961,0.03174298820034973,100.0,0.999999559636195,0.0,1.0
final,undertraining_sweep,nonlinear_discrete_action,nonlinear_synthetic,1200,4,moderate,0.45,0.05,finite_iteration_scale,random_feature_fqe,random_feature_fqe_iter3,under_iterated,finite_iteration_bias,main,False,uncalibrated_all_data,none,value_bellman,1.0,1.0,3,100,0.9899346301555793,0.03272275436348333,0.9860441317366951,0.032894408025901614,100.0,1.1022925455136912,0.0,1.0
final,undertraining_sweep,nonlinear_discrete_action,nonlinear_synthetic,1200,4,moderate,0.45,0.05,finite_iteration_scale,random_feature_fqe,random_feature_fqe_iter3,under_iterated,finite_iteration_bias,main,False,uncalibrated_all_data,none,value_bellman,1.0,1.0,4,100,0.9686188675539964,0.03223722695762515,0.9658023562407698,0.03205542183001324,100.0,1.3877411908087993,0.0,1.0
final,undertraining_sweep,nonlinear_discrete_action,nonlinear_synthetic,1200,4,moderate,0.45,0.05,finite_iteration_scale,random_feature_fqe,random_feature_fqe_iter3,under_iterated,finite_iteration_bias,main,True,cross,isotonic,value_bellman,0.8,0.8,0,100,0.9440810043207759,0.046212375339671166,0.9414829659216599,0.045942783888514374,100.0,0.6343762164172764,0.0,1.0
final,undertraining_sweep,nonlinear_discrete_action,nonlinear_synthetic,1200,4,moderate,0.45,0.05,finite_iteration_scale,random_feature_fqe,random_feature_fqe_iter3,under_iterated,finite_iteration_bias,main,True,cross,isotonic,value_bellman,0.8,0.8,1,100,0.9117323883902629,0.04858772256752629,0.9095665211598934,0.048483013870625674,100.0,0.8787606741314044,0.0,1.0
final,undertraining_sweep,nonlinear_discrete_action,nonlinear_synthetic,1200,4,moderate,0.45,0.05,finite_iteration_scale,random_feature_fqe,random_feature_fqe_iter3,under_iterated,finite_iteration_bias,main,True,cross,isotonic,value_bellman,0.8,0.8,2,100,0.940090576236197,0.052067830691546926,0.9373802715363664,0.05219425773004179,100.0,0.999999559636195,0.0,1.0
final,undertraining_sweep,nonlinear_discrete_action,nonlinear_synthetic,1200,4,moderate,0.45,0.05,finite_iteration_scale,random_feature_fqe,random_feature_fqe_iter3,under_iterated,finite_iteration_bias,main,True,cross,isotonic,value_bellman,0.8,0.8,3,100,0.9808629948618622,0.058459766741825445,0.9778929557965701,0.05864965651772834,100.0,1.1022925455136912,0.0,1.0
final,undertraining_sweep,nonlinear_discrete_action,nonlinear_synthetic,1200,4,moderate,0.45,0.05,finite_iteration_scale,random_feature_fqe,random_feature_fqe_iter3,under_iterated,finite_iteration_bias,main,True,cross,isotonic,value_bellman,0.8,0.8,4,100,0.9317188773059404,0.0513094978332414,0.9287617670455214,0.05114899626096466,100.0,1.3877411908087993,0.0,1.0
final,undertraining_sweep,nonlinear_discrete_action,nonlinear_synthetic,1200,4,moderate,0.45,0.05,finite_iteration_scale,random_feature_fqe,random_feature_fqe_iter3,under_iterated,finite_iteration_bias,main,True,cross,linear,value_bellman,0.8,0.8,0,100,0.8422391689832105,0.041991662645713176,0.8401184319687742,0.04177017983835059,100.0,0.6343762164172764,0.0,1.0
final,undertraining_sweep,nonlinear_discrete_action,nonlinear_synthetic,1200,4,moderate,0.45,0.05,finite_iteration_scale,random_feature_fqe,random_feature_fqe_iter3,under_iterated,finite_iteration_bias,main,True,cross,linear,value_bellman,0.8,0.8,1,100,0.8052833738099254,0.042193984005346345,0.8034093641981725,0.04209188780417673,100.0,0.8787606741314044,0.0,1.0
final,undertraining_sweep,nonlinear_discrete_action,nonlinear_synthetic,1200,4,moderate,0.45,0.05,finite_iteration_scale,random_feature_fqe,random_feature_fqe_iter3,under_iterated,finite_iteration_bias,main,True,cross,linear,value_bellman,0.8,0.8,2,100,0.8296976398562826,0.04723713829055672,0.8272570519833913,0.047443004474836556,100.0,0.999999559636195,0.0,1.0
final,undertraining_sweep,nonlinear_discrete_action,nonlinear_synthetic,1200,4,moderate,0.45,0.05,finite_iteration_scale,random_feature_fqe,random_feature_fqe_iter3,under_iterated,finite_iteration_bias,main,True,cross,linear,value_bellman,0.8,0.8,3,100,0.8713102351209195,0.051666286070015124,0.8680698034967688,0.05183374144506071,100.0,1.1022925455136912,0.0,1.0
final,undertraining_sweep,nonlinear_discrete_action,nonlinear_synthetic,1200,4,moderate,0.45,0.05,finite_iteration_scale,random_feature_fqe,random_feature_fqe_iter3,under_iterated,finite_iteration_bias,main,True,cross,linear,value_bellman,0.8,0.8,4,100,0.8380944272180626,0.048682038677257386,0.8352341161126033,0.04853799015148122,100.0,1.3877411908087993,0.0,1.0
final,undertraining_sweep,nonlinear_discrete_action,nonlinear_synthetic,1200,4,moderate,0.45,0.05,finite_iteration_scale,random_feature_fqe,random_feature_fqe_iter4,under_iterated,finite_iteration_bias,main,False,uncalibrated_all_data,none,value_bellman,1.0,1.0,0,100,0.9399180018116239,0.029454301324264215,0.9379917889168371,0.029345026891386024,100.0,0.6343762164172764,0.0,1.0
final,undertraining_sweep,nonlinear_discrete_action,nonlinear_synthetic,1200,4,moderate,0.45,0.05,finite_iteration_scale,random_feature_fqe,random_feature_fqe_iter4,under_iterated,finite_iteration_bias,main,False,uncalibrated_all_data,none,value_bellman,1.0,1.0,1,100,0.8592830561705349,0.028397744216915898,0.8572718636694977,0.028319098532377553,100.0,0.8787606741314044,0.0,1.0
final,undertraining_sweep,nonlinear_discrete_action,nonlinear_synthetic,1200,4,moderate,0.45,0.05,finite_iteration_scale,random_feature_fqe,random_feature_fqe_iter4,under_iterated,finite_iteration_bias,main,False,uncalibrated_all_data,none,value_bellman,1.0,1.0,2,100,0.8995727807999262,0.03280656853838314,0.8963494279635205,0.03306437599780597,100.0,0.999999559636195,0.0,1.0
final,undertraining_sweep,nonlinear_discrete_action,nonlinear_synthetic,1200,4,moderate,0.45,0.05,finite_iteration_scale,random_feature_fqe,random_feature_fqe_iter4,under_iterated,finite_iteration_bias,main,False,uncalibrated_all_data,none,value_bellman,1.0,1.0,3,100,0.9556248954839848,0.035204935819964686,0.9518423820348487,0.03538555884847329,100.0,1.1022925455136912,0.0,1.0
final,undertraining_sweep,nonlinear_discrete_action,nonlinear_synthetic,1200,4,moderate,0.45,0.05,finite_iteration_scale,random_feature_fqe,random_feature_fqe_iter4,under_iterated,finite_iteration_bias,main,False,uncalibrated_all_data,none,value_bellman,1.0,1.0,4,100,0.9300806616057282,0.03434675641146907,0.9272752412884111,0.03416503997679014,100.0,1.3877411908087993,0.0,1.0
final,undertraining_sweep,nonlinear_discrete_action,nonlinear_synthetic,1200,4,moderate,0.45,0.05,finite_iteration_scale,random_feature_fqe,random_feature_fqe_iter4,under_iterated,finite_iteration_bias,main,True,cross,isotonic,value_bellman,0.8,0.8,0,100,0.9513520599329996,0.047696250539375845,0.9488818266355312,0.047450521737622965,100.0,0.6343762164172764,0.0,1.0
final,undertraining_sweep,nonlinear_discrete_action,nonlinear_synthetic,1200,4,moderate,0.45,0.05,finite_iteration_scale,random_feature_fqe,random_feature_fqe_iter4,under_iterated,finite_iteration_bias,main,True,cross,isotonic,value_bellman,0.8,0.8,1,100,0.9272225663527786,0.05157147183741088,0.9251084887744119,0.051482545730207774,100.0,0.8787606741314044,0.0,1.0
final,undertraining_sweep,nonlinear_discrete_action,nonlinear_synthetic,1200,4,moderate,0.45,0.05,finite_iteration_scale,random_feature_fqe,random_feature_fqe_iter4,under_iterated,finite_iteration_bias,main,True,cross,isotonic,value_bellman,0.8,0.8,2,100,0.9501574979937567,0.054994718370807646,0.947720637943977,0.05512177395737726,100.0,0.999999559636195,0.0,1.0
final,undertraining_sweep,nonlinear_discrete_action,nonlinear_synthetic,1200,4,moderate,0.45,0.05,finite_iteration_scale,random_feature_fqe,random_feature_fqe_iter4,under_iterated,finite_iteration_bias,main,True,cross,isotonic,value_bellman,0.8,0.8,3,100,0.9809344479641243,0.059843010777020436,0.9779860583286782,0.06001874867235426,100.0,1.1022925455136912,0.0,1.0
final,undertraining_sweep,nonlinear_discrete_action,nonlinear_synthetic,1200,4,moderate,0.45,0.05,finite_iteration_scale,random_feature_fqe,random_feature_fqe_iter4,under_iterated,finite_iteration_bias,main,True,cross,isotonic,value_bellman,0.8,0.8,4,100,0.9343541830547547,0.05305443030953373,0.9316314388006874,0.052910183250949705,100.0,1.3877411908087993,0.0,1.0
final,undertraining_sweep,nonlinear_discrete_action,nonlinear_synthetic,1200,4,moderate,0.45,0.05,finite_iteration_scale,random_feature_fqe,random_feature_fqe_iter4,under_iterated,finite_iteration_bias,main,True,cross,linear,value_bellman,0.8,0.8,0,100,0.842965722536225,0.043296530265420144,0.840822056090853,0.04306652920445161,100.0,0.6343762164172764,0.0,1.0
final,undertraining_sweep,nonlinear_discrete_action,nonlinear_synthetic,1200,4,moderate,0.45,0.05,finite_iteration_scale,random_feature_fqe,random_feature_fqe_iter4,under_iterated,finite_iteration_bias,main,True,cross,linear,value_bellman,0.8,0.8,1,100,0.8064256958321272,0.043698770771079594,0.8045586277057025,0.04359701671117789,100.0,0.8787606741314044,0.0,1.0
final,undertraining_sweep,nonlinear_discrete_action,nonlinear_synthetic,1200,4,moderate,0.45,0.05,finite_iteration_scale,random_feature_fqe,random_feature_fqe_iter4,under_iterated,finite_iteration_bias,main,True,cross,linear,value_bellman,0.8,0.8,2,100,0.8274631140126041,0.04888099002929277,0.8251170406198375,0.04908699638619131,100.0,0.999999559636195,0.0,1.0
final,undertraining_sweep,nonlinear_discrete_action,nonlinear_synthetic,1200,4,moderate,0.45,0.05,finite_iteration_scale,random_feature_fqe,random_feature_fqe_iter4,under_iterated,finite_iteration_bias,main,True,cross,linear,value_bellman,0.8,0.8,3,100,0.86728253504664,0.053280745906675156,0.8640913501267717,0.05344144760291821,100.0,1.1022925455136912,0.0,1.0
final,undertraining_sweep,nonlinear_discrete_action,nonlinear_synthetic,1200,4,moderate,0.45,0.05,finite_iteration_scale,random_feature_fqe,random_feature_fqe_iter4,under_iterated,finite_iteration_bias,main,True,cross,linear,value_bellman,0.8,0.8,4,100,0.8355128010932195,0.05039166439933114,0.8326881072784136,0.050270260579745006,100.0,1.3877411908087993,0.0,1.0
final,well_specified_debug,nonlinear_discrete_action,well_specified,1000,6,moderate,0.5,0.1,well_specified_linear,linear_fqe,linear_fqe,well_tuned,already_well_calibrated,main,False,uncalibrated_all_data,none,value_bellman,1.0,1.0,0,10,0.040465100821246755,0.005803111756221948,0.02854399664624339,0.005624096073261221,100.0,0.5465593020799168,0.0,1.0
final,well_specified_debug,nonlinear_discrete_action,well_specified,1000,6,moderate,0.5,0.1,well_specified_linear,linear_fqe,linear_fqe,well_tuned,already_well_calibrated,main,False,uncalibrated_all_data,none,value_bellman,1.0,1.0,1,10,0.02113626559461811,0.0030515161186551072,0.011670290587614469,0.002719406526942364,100.0,0.8520487171524321,0.0,1.0
final,well_specified_debug,nonlinear_discrete_action,well_specified,1000,6,moderate,0.5,0.1,well_specified_linear,linear_fqe,linear_fqe,well_tuned,already_well_calibrated,main,False,uncalibrated_all_data,none,value_bellman,1.0,1.0,2,10,0.01338464075649442,0.0007631621169127824,0.0043941751811679,0.0008560875622734776,100.0,0.9878804876192817,0.0,1.0
final,well_specified_debug,nonlinear_discrete_action,well_specified,1000,6,moderate,0.5,0.1,well_specified_linear,linear_fqe,linear_fqe,well_tuned,already_well_calibrated,main,False,uncalibrated_all_data,none,value_bellman,1.0,1.0,3,10,0.014867856073785279,0.001748692025483468,0.00541483100364169,0.0013858558383282081,100.0,1.0908694296364359,0.0,1.0
final,well_specified_debug,nonlinear_discrete_action,well_specified,1000,6,moderate,0.5,0.1,well_specified_linear,linear_fqe,linear_fqe,well_tuned,already_well_calibrated,main,False,uncalibrated_all_data,none,value_bellman,1.0,1.0,4,10,0.02073608854356346,0.0018444291606506454,0.01068949911447889,0.0017262783541885727,100.0,1.5249196859986376,0.0,1.0
final,well_specified_debug,nonlinear_discrete_action,well_specified,1000,6,moderate,0.5,0.1,well_specified_linear,linear_fqe,linear_fqe,well_tuned,already_well_calibrated,main,True,cross,isotonic,value_bellman,0.8,0.8,0,10,0.04130917687624744,0.005970068498350016,0.02942055938877547,0.00577218401952442,100.0,0.5465593020799168,0.0,1.0
final,well_specified_debug,nonlinear_discrete_action,well_specified,1000,6,moderate,0.5,0.1,well_specified_linear,linear_fqe,linear_fqe,well_tuned,already_well_calibrated,main,True,cross,isotonic,value_bellman,0.8,0.8,1,10,0.02215434542351383,0.0034157290746231013,0.013022873361128881,0.003099370338069816,100.0,0.8520487171524321,0.0,1.0
final,well_specified_debug,nonlinear_discrete_action,well_specified,1000,6,moderate,0.5,0.1,well_specified_linear,linear_fqe,linear_fqe,well_tuned,already_well_calibrated,main,True,cross,isotonic,value_bellman,0.8,0.8,2,10,0.014516252719529471,0.0009487121655480793,0.00562029569363038,0.0010916897965078639,100.0,0.9878804876192817,0.0,1.0
final,well_specified_debug,nonlinear_discrete_action,well_specified,1000,6,moderate,0.5,0.1,well_specified_linear,linear_fqe,linear_fqe,well_tuned,already_well_calibrated,main,True,cross,isotonic,value_bellman,0.8,0.8,3,10,0.015731043042536842,0.0017738246218684326,0.00644658825932887,0.0014776196828980776,100.0,1.0908694296364359,0.0,1.0
final,well_specified_debug,nonlinear_discrete_action,well_specified,1000,6,moderate,0.5,0.1,well_specified_linear,linear_fqe,linear_fqe,well_tuned,already_well_calibrated,main,True,cross,isotonic,value_bellman,0.8,0.8,4,10,0.02184870888859676,0.0020105453597104054,0.011629718038250771,0.0017542191424758738,100.0,1.5249196859986376,0.0,1.0
final,well_specified_debug,nonlinear_discrete_action,well_specified,1000,6,moderate,0.5,0.1,well_specified_linear,linear_fqe,linear_fqe,well_tuned,already_well_calibrated,main,True,cross,linear,value_bellman,0.8,0.8,0,10,0.040537184268226126,0.005643069867014397,0.02850630275161258,0.005453020998654212,100.0,0.5465593020799168,0.0,1.0
final,well_specified_debug,nonlinear_discrete_action,well_specified,1000,6,moderate,0.5,0.1,well_specified_linear,linear_fqe,linear_fqe,well_tuned,already_well_calibrated,main,True,cross,linear,value_bellman,0.8,0.8,1,10,0.02120152911812195,0.0030327039557921515,0.01176577918599176,0.002681480418970172,100.0,0.8520487171524321,0.0,1.0
final,well_specified_debug,nonlinear_discrete_action,well_specified,1000,6,moderate,0.5,0.1,well_specified_linear,linear_fqe,linear_fqe,well_tuned,already_well_calibrated,main,True,cross,linear,value_bellman,0.8,0.8,2,10,0.013415312828739631,0.0007598849139480623,0.00439587822835283,0.0008208172826084685,100.0,0.9878804876192817,0.0,1.0
final,well_specified_debug,nonlinear_discrete_action,well_specified,1000,6,moderate,0.5,0.1,well_specified_linear,linear_fqe,linear_fqe,well_tuned,already_well_calibrated,main,True,cross,linear,value_bellman,0.8,0.8,3,10,0.01482574886603911,0.0017434982683786158,0.00541926508688519,0.0013821695471750843,100.0,1.0908694296364359,0.0,1.0
final,well_specified_debug,nonlinear_discrete_action,well_specified,1000,6,moderate,0.5,0.1,well_specified_linear,linear_fqe,linear_fqe,well_tuned,already_well_calibrated,main,True,cross,linear,value_bellman,0.8,0.8,4,10,0.02079078386450809,0.0018709206242938626,0.01074743842022041,0.0017681007518753418,100.0,1.5249196859986376,0.0,1.0
